date,group,sport,picks,won,lost,void,hit_rate,mean_quoted,hit_minus_quoted
2026-08-21,Board,Football,3,3,0,0,1.0,0.7066,0.2934
2026-08-22,Board,Football,34,23,11,0,0.6765,0.6945,-0.018
2026-08-23,Board,Football,25,21,4,0,0.84,0.6506,0.1894
2026-08-24,Board,Football,7,4,3,0,0.5714,0.6915,-0.12
2026-08-25,Board,Football,1,1,0,0,1.0,0.675,0.325
2026-08-26,Board,Football,1,1,0,0,1.0,0.6846,0.3154
2026-08-27,Board,Football,3,2,1,0,0.6667,0.7327,-0.066
2026-08-28,Board,Football,14,9,5,0,0.6429,0.6974,-0.0546
2026-08-29,Board,Football,31,22,9,0,0.7097,0.6861,0.0236
2026-08-30,Board,Football,32,27,5,0,0.8438,0.6942,0.1495
2026-08-31,Board,Football,16,13,3,0,0.8125,0.6654,0.1471
2026-09-01,Board,Football,9,6,3,0,0.6667,0.6901,-0.0234
2026-09-02,Board,Football,8,6,2,0,0.75,0.6775,0.0725
2026-09-03,Board,Football,3,3,0,0,1.0,0.6885,0.3115
2026-09-04,Board,Football,9,6,3,0,0.6667,0.6429,0.0238
2026-09-05,Board,Football,27,16,11,0,0.5926,0.705,-0.1124
2026-09-06,Board,Football,32,19,13,0,0.5938,0.6728,-0.0791
2026-09-07,Board,Football,6,4,2,0,0.6667,0.6408,0.0259
2026-09-08,Board,Football,7,3,4,0,0.4286,0.6929,-0.2644
2026-09-09,Board,Football,5,4,1,0,0.8,0.7217,0.0783
2026-09-10,Board,Football,2,1,1,0,0.5,0.7493,-0.2493
2026-09-11,Board,Football,7,4,3,0,0.5714,0.7335,-0.162
2026-09-12,Board,Football,56,40,16,0,0.7143,0.6915,0.0227
2026-09-13,Board,Football,24,16,8,0,0.6667,0.6885,-0.0219
2026-09-14,Board,Football,8,7,1,0,0.875,0.708,0.167
2026-09-15,Board,Football,15,7,8,0,0.4667,0.737,-0.2703
2026-09-16,Board,Football,5,4,1,0,0.8,0.7414,0.0586
2026-09-17,Board,Football,2,2,0,0,1.0,0.6274,0.3726
2026-09-18,Board,Football,8,7,1,0,0.875,0.7676,0.1074
2026-09-19,Board,Football,54,38,16,0,0.7037,0.6926,0.0111
2026-09-20,Board,Football,40,27,13,0,0.675,0.666,0.009
2026-09-22,Board,Tennis,10,3,7,0,0.3,0.5536,-0.2536
2026-09-23,Board,Tennis,20,11,8,1,0.5789,0.5767,0.0022
2026-09-24,Board,Tennis,28,17,11,0,0.6071,0.5853,0.0218
2026-09-25,Board,Tennis,16,8,8,0,0.5,0.591,-0.091
2026-09-26,Board,Football,84,54,30,0,0.6429,0.7016,-0.0587
2026-09-26,Board,Tennis,19,11,8,0,0.5789,0.5931,-0.0141
2026-09-27,Board,Football,65,48,17,0,0.7385,0.678,0.0604
2026-09-27,Board,Tennis,12,6,6,0,0.5,0.6388,-0.1388
2026-09-28,Board,Football,20,14,6,0,0.7,0.6552,0.0448
2026-09-28,Board,NFL,1,1,0,0,1.0,0.5733,0.4267
2026-09-28,Board,Tennis,27,16,11,0,0.5926,0.5801,0.0125
2026-09-28,Daily List,Football,7,5,2,0,0.7143,0.759,-0.0447
2026-09-28,Daily List,Tennis,3,3,0,0,1.0,0.7449,0.2551
2026-09-29,Board,Baseball,2,1,1,0,0.5,0.5407,-0.0407
2026-09-29,Board,Football,32,22,10,0,0.6875,0.6228,0.0647
2026-09-29,Board,NFL,1,1,0,0,1.0,0.5237,0.4763
2026-09-29,Board,Tennis,28,18,10,0,0.6429,0.5969,0.046
2026-09-29,Daily List,Football,14,10,4,0,0.7143,0.8044,-0.0901
2026-09-30,Board,Baseball,4,2,2,0,0.5,0.5555,-0.0555
2026-09-30,Board,Football,40,28,12,0,0.7,0.6779,0.0221
2026-09-30,Board,Tennis,29,17,12,0,0.5862,0.5971,-0.0109
2026-09-30,Daily List,Tennis,2,2,0,0,1.0,0.8314,0.1686
2026-09-30,Reserve,Football,1,1,0,0,1.0,0.7442,0.2558
2026-10-01,Board,Baseball,2,2,0,0,1.0,0.581,0.419
2026-10-01,Board,Football,28,20,8,0,0.7143,0.6735,0.0408
2026-10-01,Board,Tennis,21,11,10,0,0.5238,0.5548,-0.031
2026-10-01,Daily List,Football,2,1,1,0,0.5,0.9147,-0.4147
2026-10-01,Daily List,Tennis,2,2,0,0,1.0,0.837,0.163
2026-10-01,Reserve,Football,2,1,1,0,0.5,0.7374,-0.2374
2026-10-01,Reserve,Tennis,11,5,6,0,0.4545,0.6847,-0.2301
2026-10-02,Board,Baseball,1,1,0,0,1.0,0.5361,0.4639
2026-10-02,Board,Football,82,53,29,0,0.6463,0.646,0.0004
2026-10-02,Board,NFL,1,0,1,0,0.0,0.538,-0.538
2026-10-02,Board,Rugby,2,0,2,0,0.0,0.55,-0.55
2026-10-02,Board,Tennis,16,10,6,0,0.625,0.5709,0.0541
2026-10-02,Daily List,Football,1,1,0,0,1.0,0.8546,0.1454
2026-10-02,Daily List,Rugby,2,2,0,0,1.0,0.8269,0.1731
2026-10-02,Daily List,Tennis,2,2,0,0,1.0,0.9038,0.0962
2026-10-02,Reserve,Football,6,2,4,0,0.3333,0.6652,-0.3318
2026-10-02,Reserve,Tennis,10,7,3,0,0.7,0.7237,-0.0237
2026-10-03,Board,Baseball,3,2,1,0,0.6667,0.5583,0.1083
2026-10-03,Board,Football,466,307,159,0,0.6588,0.6657,-0.0069
2026-10-03,Board,Rugby,4,2,2,0,0.5,0.5174,-0.0174
2026-10-03,Board,Tennis,9,4,5,0,0.4444,0.5915,-0.1471
2026-10-03,Daily List,Football,7,6,1,0,0.8571,0.8304,0.0267
2026-10-03,Daily List,Rugby,6,5,0,1,1.0,0.7865,0.2135
2026-10-03,Daily List,Tennis,4,4,0,0,1.0,0.832,0.168
2026-10-03,Reserve,Football,30,19,11,0,0.6333,0.684,-0.0507
2026-10-03,Reserve,Rugby,4,3,1,0,0.75,0.6394,0.1106
2026-10-03,Reserve,Tennis,9,6,3,0,0.6667,0.7258,-0.0591
2026-10-04,Board,Baseball,2,2,0,0,1.0,0.5842,0.4158
2026-10-04,Board,Football,385,257,128,0,0.6675,0.6576,0.0099
2026-10-04,Board,NFL,7,5,2,0,0.7143,0.5506,0.1637
2026-10-04,Board,Tennis,10,1,9,0,0.1,0.5473,-0.4473
2026-10-04,Daily List,Football,6,6,0,0,1.0,0.8223,0.1777
2026-10-04,Daily List,NFL,4,4,0,0,1.0,0.8255,0.1745
2026-10-04,Daily List,Rugby,2,1,1,0,0.5,0.7928,-0.2928
2026-10-04,Daily List,Tennis,3,2,1,0,0.6667,0.8737,-0.207
2026-10-04,Reserve,Football,12,8,4,0,0.6667,0.6888,-0.0221
2026-10-04,Reserve,NFL,2,0,2,0,0.0,0.6743,-0.6743
2026-10-04,Reserve,Tennis,4,3,1,0,0.75,0.7333,0.0167
2026-10-05,Board,Baseball,2,0,2,0,0.0,0.5694,-0.5694
2026-10-05,Board,Football,42,25,17,0,0.5952,0.6156,-0.0204
2026-10-05,Board,NFL,1,0,1,0,0.0,0.5887,-0.5887
2026-10-05,Board,Tennis,29,19,10,0,0.6552,0.5595,0.0957
2026-10-05,Daily List,Tennis,2,2,0,0,1.0,0.8669,0.1331
2026-10-05,Reserve,Tennis,4,2,2,0,0.5,0.7059,-0.2059
2026-10-06,Board,Baseball,2,2,0,0,1.0,0.5271,0.4729
2026-10-06,Board,Football,85,56,29,0,0.6588,0.6744,-0.0155
2026-10-06,Board,NFL,1,0,1,0,0.0,0.546,-0.546
2026-10-06,Board,Tennis,19,8,11,0,0.4211,0.5682,-0.1471
2026-10-06,Daily List,Football,5,5,0,0,1.0,0.9069,0.0931
2026-10-06,Daily List,Tennis,1,1,0,0,1.0,0.8064,0.1936
2026-10-06,Reserve,Football,3,2,1,0,0.6667,0.7048,-0.0381
2026-10-06,Reserve,Tennis,5,4,1,0,0.8,0.6706,0.1294
2026-10-07,Board,Baseball,3,1,2,0,0.3333,0.5262,-0.1929
2026-10-07,Board,College football,1,1,0,0,1.0,0.5902,0.4098
2026-10-07,Board,Football,39,28,11,0,0.7179,0.6544,0.0635
2026-10-07,Board,Tennis,16,10,6,0,0.625,0.5518,0.0732
2026-10-07,Daily List,College football,1,1,0,0,1.0,0.7314,0.2686
2026-10-07,Daily List,Football,3,2,1,0,0.6667,0.7832,-0.1166
2026-10-07,Reserve,Football,3,2,1,0,0.6667,0.6962,-0.0295
2026-10-07,Reserve,Tennis,8,6,2,0,0.75,0.69,0.06
2026-10-07,Reserve,WNBA,1,1,0,0,1.0,0.7193,0.2807
2026-10-08,Board,Baseball,2,1,1,0,0.5,0.5165,-0.0165
2026-10-08,Board,Football,8,4,4,0,0.5,0.6139,-0.1139
2026-10-08,Board,Tennis,12,9,3,0,0.75,0.5555,0.1945
2026-10-08,Daily List,College football,1,1,0,0,1.0,0.7063,0.2937
2026-10-08,Reserve,Football,1,1,0,0,1.0,0.7355,0.2645
2026-10-08,Reserve,Tennis,9,6,3,0,0.6667,0.7021,-0.0354
2026-10-08,Reserve,WNBA,1,1,0,0,1.0,0.6814,0.3186
