sport,band,picks,hit_rate,mean_quoted,hit_minus_quoted
All sports,30-35%,37,0.4595,0.5794,-0.12
All sports,35-40%,410,0.7049,0.6643,0.0406
All sports,40-45%,431,0.6659,0.6712,-0.0053
All sports,45-50%,360,0.6889,0.6795,0.0094
All sports,50-55%,399,0.5764,0.6181,-0.0417
All sports,55-60%,292,0.6233,0.6221,0.0012
All sports,60-65%,187,0.6631,0.628,0.0351
All sports,65-70%,110,0.6273,0.6742,-0.0469
All sports,70-75%,93,0.6774,0.7229,-0.0454
All sports,75-80%,43,0.814,0.7748,0.0391
All sports,80-85%,38,0.9474,0.8218,0.1256
All sports,85-90%,23,0.8696,0.8686,0.001
All sports,90-95%,8,0.875,0.9263,-0.0513
All sports,95-100%,6,1.0,0.9794,0.0206
Baseball,50-55%,14,0.5,0.5313,-0.0313
Baseball,55-60%,9,0.7778,0.5789,0.1988
College football,55-60%,1,1.0,0.5902,0.4098
College football,70-75%,2,1.0,0.7188,0.2812
Football,30-35%,37,0.4595,0.5794,-0.12
Football,35-40%,410,0.7049,0.6643,0.0406
Football,40-45%,431,0.6659,0.6712,-0.0053
Football,45-50%,360,0.6889,0.6795,0.0094
Football,50-55%,245,0.6122,0.6774,-0.0651
Football,55-60%,178,0.6685,0.6529,0.0157
Football,60-65%,122,0.6803,0.6309,0.0494
Football,65-70%,69,0.6377,0.6753,-0.0376
Football,70-75%,48,0.6875,0.7225,-0.035
Football,75-80%,26,0.8077,0.7769,0.0308
Football,80-85%,20,0.9,0.8239,0.0761
Football,85-90%,15,0.8667,0.8653,0.0013
Football,90-95%,6,1.0,0.9276,0.0724
Football,95-100%,6,1.0,0.9794,0.0206
NFL,50-55%,7,0.4286,0.5269,-0.0983
NFL,55-60%,4,0.75,0.5814,0.1686
NFL,60-65%,1,1.0,0.6102,0.3898
NFL,65-70%,2,0.0,0.6743,-0.6743
NFL,80-85%,4,1.0,0.8255,0.1745
Rugby,50-55%,5,0.4,0.5235,-0.1235
Rugby,55-60%,1,0.0,0.5523,-0.5523
Rugby,60-65%,3,0.6667,0.6259,0.0407
Rugby,65-70%,1,1.0,0.6798,0.3202
Rugby,70-75%,2,1.0,0.7346,0.2654
Rugby,75-80%,1,0.0,0.7838,-0.7838
Rugby,80-85%,6,1.0,0.8198,0.1802
Tennis,50-55%,128,0.5312,0.523,0.0083
Tennis,55-60%,99,0.5253,0.5735,-0.0482
Tennis,60-65%,61,0.623,0.6226,0.0003
Tennis,65-70%,37,0.6216,0.6717,-0.0501
Tennis,70-75%,40,0.625,0.723,-0.098
Tennis,75-80%,16,0.875,0.7709,0.1041
Tennis,80-85%,8,1.0,0.8161,0.1839
Tennis,85-90%,8,0.875,0.8746,0.0004
Tennis,90-95%,2,0.5,0.9225,-0.4225
WNBA,65-70%,1,1.0,0.6814,0.3186
WNBA,70-75%,1,1.0,0.7193,0.2807
