date,start_utc,published_utc,sport,competition,home,away,pick,pick_side,confidence,confidence_pct,tier,tested_rate,group,on_daily_list,on_reserve,result,mark,correct,top_pick_correct,quoted_chance,winner,final_score,predicted_score,draw_read,verification,flags,note
2026-09-28,,,Football,Africa Cup of Nations qualifying,Tunisia,Botswana,Tunisia,home,0.859,85.9,Strong,,Daily List,1,0,lost,✗,0,0,0.859,Draw,2-2,2-0,0,legacy-unverified,,
2026-09-28,,,Football,CONCACAF Nations League,Guadeloupe,Barbados,Guadeloupe,home,0.8145,81.5,Strong,,Daily List,1,0,lost,✗,0,0,0.8145,Draw,2-2,2-0,0,legacy-unverified,,
2026-09-28,,,Football,International friendly,Japan,Venezuela,Japan,home,0.811,81.1,Strong,,Daily List,1,0,won,✓,1,1,0.811,Japan,2-1,2-0,0,legacy-unverified,,
2026-09-28,,,Football,CONCACAF Nations League,Cuba,Bonaire,Cuba,home,0.7011,70.1,Strong,,Daily List,1,0,won,✓,1,1,0.7011,Cuba,2-0,2-0,0,legacy-unverified,,
2026-09-28,,,Football,CONCACAF Nations League,Curaçao,Nicaragua,Curaçao,home,0.697,69.7,Firm,,Daily List,1,0,won,✓,1,1,0.697,Curaçao,6-1,2-0,0,legacy-unverified,,
2026-09-28,,,Football,Africa Cup of Nations qualifying,Central African Republic,Burkina Faso,Burkina Faso,away,0.6452,64.5,Firm,,Daily List,1,0,won,✓,1,1,0.8208,Burkina Faso,0-1,1-1,0,legacy-unverified,,
2026-09-28,,,Football,CONCACAF Nations League,Suriname,Martinique,Suriname,home,0.6096,61.0,Lean,,Daily List,1,0,won,✓,1,1,0.6096,Suriname,2-1,1-0,0,legacy-unverified,,
2026-09-28,,2026-09-27T23:48:09Z,Tennis,ATP · AITO Hangzhou Open · Semifinal,Roman Safiullin,Daniil Medvedev,Daniil Medvedev,B,0.816,81.6,Strong,0.8559,Daily List,1,0,won,✓,1,1,0.816,Daniil Medvedev,,,,published before the start,,(1) Daniil Medvedev (RUS) bt Roman Safiullin (RUS) 7-5 6-4
2026-09-28,,2026-09-27T23:48:09Z,Tennis,ATP · Chengdu Open · Semifinal,Alejandro Davidovich Fokina,Nikoloz Basilashvili,Alejandro Davidovich Fokina,A,0.7193,71.9,Strong,0.7867,Daily List,1,0,won,✓,1,1,0.7193,Alejandro Davidovich Fokina,,,,published before the start,,(2) Alejandro Davidovich Fokina (ESP) bt Nikoloz Basilashvili (GEO) 4-6 6-4 6-3
2026-09-28,,2026-09-27T23:48:09Z,Tennis,ATP · AITO Hangzhou Open · Semifinal,Andrey Rublev,Kyrian Jacquet,Andrey Rublev,A,0.6995,70.0,Firm,0.7688,Daily List,1,0,won,✓,1,1,0.6995,Andrey Rublev,,,,published before the start,,(2) Andrey Rublev (RUS) bt Kyrian Jacquet (FRA) 7-6 (7-0) 6-1
2026-09-29,,,Football,UEFA Nations League,San Marino,Albania,Albania,away,0.9382,93.8,Strong,,Daily List,1,0,won,✓,1,1,0.9382,Albania,0-3,0-2,0,legacy-unverified,,
2026-09-29,,,Football,Africa Cup of Nations qualifying,Lesotho,Morocco,Morocco,away,0.9088,90.9,Strong,,Daily List,1,0,won,✓,1,1,0.9088,Morocco,0-2,0-1,0,legacy-unverified,,
2026-09-29,,,Football,Africa Cup of Nations qualifying,Somalia,Ivory Coast,Ivory Coast,away,0.8896,89.0,Strong,,Daily List,1,0,won,✓,1,1,0.8896,Ivory Coast,0-2,0-1,0,legacy-unverified,,
2026-09-29,,,Football,Africa Cup of Nations qualifying,South Sudan,Egypt,Egypt,away,0.8694,86.9,Strong,,Daily List,1,0,won,✓,1,1,0.8694,Egypt,0-5,0-1,0,legacy-unverified,,
2026-09-29,,,Football,Africa Cup of Nations qualifying,Ethiopia,Senegal,Senegal,away,0.8499,85.0,Strong,,Daily List,1,0,won,✓,1,1,0.8499,Senegal,0-1,0-1,0,legacy-unverified,,
2026-09-29,,,Football,CONCACAF Nations League,French Guiana,Sint Maarten,French Guiana,home,0.8385,83.9,Strong,,Daily List,1,0,won,✓,1,1,0.8385,French Guiana,1-0,3-0,0,legacy-unverified,,
2026-09-29,,,Football,UEFA Nations League,Slovakia,Kazakhstan,Slovakia,home,0.7997,80.0,Strong,,Daily List,1,0,won,✓,1,1,0.7997,Slovakia,2-1,2-0,0,legacy-unverified,,
2026-09-29,,,Football,Africa Cup of Nations qualifying,Burundi,Algeria,Algeria,away,0.7941,79.4,Strong,,Daily List,1,0,won,✓,1,0,0.9092,Draw,2-2,1-1,1,legacy-unverified,,
2026-09-29,,,Football,UEFA Nations League,Spain,Croatia,Spain,home,0.7798,78.0,Strong,,Daily List,1,0,won,✓,1,1,0.7798,Spain,4-1,2-0,0,legacy-unverified,,
2026-09-29,,,Football,Africa Cup of Nations qualifying,Guinea-Bissau,Nigeria,Nigeria,away,0.7253,72.5,Strong,,Daily List,1,0,lost,✗,0,0,0.7253,Guinea-Bissau,3-0,0-1,0,legacy-unverified,,
2026-09-29,,,Football,Africa Cup of Nations qualifying,Congo,Cameroon,Cameroon,away,0.7071,70.7,Strong,,Daily List,1,0,lost,✗,0,0,0.7071,Draw,1-1,0-1,0,legacy-unverified,,
2026-09-29,,,Football,Africa Cup of Nations qualifying,Liberia,Mali,Mali,away,0.6942,69.4,Firm,,Daily List,1,0,won,✓,1,1,0.6942,Mali,0-1,0-1,0,legacy-unverified,,
2026-09-29,,,Football,Africa Cup of Nations qualifying,Cape Verde,Rwanda,Cape Verde,home,0.684,68.4,Firm,,Daily List,1,0,lost,✗,0,0,0.684,Rwanda,1-2,1-0,0,legacy-unverified,,
2026-09-29,,,Football,Africa Cup of Nations qualifying,Ghana,Gambia,Ghana,home,0.6678,66.8,Firm,,Daily List,1,0,lost,✗,0,0,0.6678,Gambia,2-4,1-0,0,legacy-unverified,,
2026-09-30,,2026-09-29T22:09:38Z,Tennis,ATP · China Open · Round 1,Novak Djokovic,Nuno Borges,Novak Djokovic,A,0.8513,85.1,Strong,0.9194,Daily List,1,0,won,✓,1,1,0.8513,Novak Djokovic,,,,published before the start,,(6) Novak Djokovic (SER) bt Nuno Borges (POR) 6-3 7-6 (7-2)
2026-09-30,,2026-09-29T22:09:38Z,Tennis,ATP · Kinoshita Group Japan Open Tennis Championships · Round 1,Luca Van Assche,Arthur Fils,Arthur Fils,B,0.8115,81.2,Strong,0.8559,Daily List,1,0,won,✓,1,1,0.8115,Arthur Fils,,,,published before the start,,Arthur Fils (FRA) bt Luca Van Assche (FRA) 6-3 6-2
2026-10-01,,,Football,International friendly,Argentina,Bolivia,Argentina,home,0.9754,97.5,Strong,,Daily List,1,0,won,✓,1,1,0.9754,Argentina,4-0,4-0,0,legacy-unverified,,
2026-10-01,,,Football,UEFA Nations League,Azerbaijan,Liechtenstein,Azerbaijan,home,0.854,85.4,Strong,,Daily List,1,0,lost,✗,0,0,0.854,Draw,0-0,2-0,0,legacy-unverified,,
2026-10-01,,2026-10-01T00:14:39Z,Tennis,ATP · Kinoshita Group Japan Open Tennis Championships · Round 1,Alex Michelsen,Carlos Alcaraz,Carlos Alcaraz,B,0.8665,86.7,Strong,0.9194,Daily List,1,0,won,✓,1,1,0.8665,Carlos Alcaraz,,,,published before the start,,(1) Carlos Alcaraz (ESP) bt Alex Michelsen (USA) 7-6 (7-1) 4-6 6-1
2026-10-01,,2026-10-01T00:14:39Z,Tennis,ATP · China Open · Round 1,Cameron Norrie,Alexander Zverev,Alexander Zverev,B,0.8075,80.8,Strong,0.8559,Daily List,1,0,won,✓,1,1,0.8075,Alexander Zverev,,,,published before the start,,(1) Alexander Zverev (GER) bt Cameron Norrie (GBR) 7-6 (7-1) 6-4
2026-10-02,,,Football,1 Lyga,Minija,Kauno Žalgiris II,Minija,home,0.8546,85.5,Strong,,Daily List,1,0,won,✓,1,1,0.8546,Minija,5-0,3-0,0,legacy-unverified,,
2026-10-02,2026-10-02T18:45Z,2026-10-02T11:11:08Z,Rugby,URC,Cardiff Blues,Zebre,Cardiff Blues,home,0.8401,84.0,Strong,0.9007,Daily List,1,0,won,✓,1,1,0.8401,Cardiff Blues,40-27,,,published before the start,,
2026-10-02,2026-10-02T18:45Z,2026-10-02T11:11:08Z,Rugby,Premiership,Bath Rugby,Exeter Chiefs,Bath Rugby,home,0.8138,81.4,Strong,0.9007,Daily List,1,0,won,✓,1,1,0.8138,Bath Rugby,40-34,,,published before the start,,
2026-10-02,,2026-10-01T11:41:35Z,Tennis,WTA · China Open · Round 2,Aryna Sabalenka,Renata Zarazua,Aryna Sabalenka,A,0.9237,92.4,Strong,0.9032,Daily List,1,0,won,✓,1,1,0.9237,Aryna Sabalenka,,,,published before the start,,(2) Aryna Sabalenka (BLR) bt Renata Zarazua (MEX) 6-1 6-3
2026-10-02,,2026-10-02T11:11:04Z,Tennis,ATP · China Open · Round 2,Novak Djokovic,Bu Yunchaokete,Novak Djokovic,A,0.8838,88.4,Strong,0.9194,Daily List,1,0,won,✓,1,1,0.8838,Novak Djokovic,,,,published before the start,,(6) Novak Djokovic (SER) bt Yunchaokete Bu (CHN) 4-6 7-6 (7-2) 6-2
2026-10-03,2026-10-03T16:00:00Z,2026-10-03T10:30:05Z,Football,UEFA Nations League,Belarus,San Marino,Belarus,home,0.9628,96.3,Strong,,Daily List,1,0,won,✓,1,1,0.9628,Belarus,4-0,4-0,0,verified,,
2026-10-03,2026-10-03T15:00:00Z,2026-10-03T10:30:05Z,Football,International friendly,Russia,Namibia,Russia,home,0.8474,84.7,Strong,,Daily List,1,0,won,✓,1,1,0.8474,Russia,6-0,2-0,0,verified,,
2026-10-03,2026-10-03T09:00:00Z,2026-10-03T00:28:30Z,Football,NB III - Southeast,Vasas II,BKV Előre,Vasas II,home,0.8469,84.7,Strong,,Daily List,1,0,won,✓,1,1,0.8469,Vasas II,3-0,3-0,0,verified,,
2026-10-03,2026-10-03T15:00:00Z,2026-10-03T10:30:05Z,Football,Tercera División RFEF - Group 3,Laredo,Barquereño,Laredo,home,0.8243,82.4,Strong,,Daily List,1,0,won,✓,1,1,0.8243,Laredo,3-0,2-0,0,verified,,
2026-10-03,2026-10-03T16:30:00Z,2026-10-03T10:30:05Z,Football,League One,Hamilton Academical,Peterhead,Hamilton Academical,home,0.7956,79.6,Strong,,Daily List,1,0,won,✓,1,1,0.7956,Hamilton Academical,2-1,2-0,0,verified,,
2026-10-03,2026-10-03T11:00:00Z,2026-10-03T10:30:05Z,Football,Ettan - Norra,Stockholm Internazionale,Assyriska FF,Stockholm Internazionale,home,0.7708,77.1,Strong,,Daily List,1,0,won,✓,1,1,0.7708,Stockholm Internazionale,3-0,2-0,0,verified,,
2026-10-03,2026-10-03T13:00:00Z,2026-10-03T10:30:05Z,Football,3. liga - East,Lipany,Partizán Bardejov,Lipany,home,0.7651,76.5,Strong,,Daily List,1,0,lost,✗,0,0,0.7651,Partizán Bardejov,1-3,3-1,0,verified,,
2026-10-03,2026-10-03T18:45Z,2026-10-03T10:31:29Z,Rugby,Premiership,Newcastle Falcons,Leicester Tigers,Leicester Tigers,away,0.8296,83.0,Strong,0.9007,Daily List,1,0,won,✓,1,1,0.8296,Leicester Tigers,19-24,,,published before the start,,
2026-10-03,2026-10-03T12:30Z,2026-10-03T10:31:29Z,Rugby,Top 14,Bordeaux Begles,Lyon,Bordeaux Begles,home,0.8237,82.4,Strong,0.9007,Daily List,1,0,won,✓,1,1,0.8237,Bordeaux Begles,51-28,,,published before the start,,
2026-10-03,2026-10-03T14:35Z,2026-10-03T10:31:29Z,Rugby,Top 14,Racing 92,Perpignan,Racing 92,home,0.8101,81.0,Strong,0.9007,Daily List,1,0,won,✓,1,1,0.8101,Racing 92,55-25,,,published before the start,,
2026-10-03,2026-10-03T16:30Z,2026-10-03T10:31:29Z,Rugby,URC,Glasgow Warriors,Ulster,Glasgow Warriors,home,0.8031,80.3,Strong,0.9007,Daily List,1,0,void,–,,,,,33-33,,,published before the start,,tie: void
2026-10-03,2026-10-03T11:45Z,2026-10-03T10:31:29Z,Rugby,URC,Lions,Ospreys,Lions,home,0.746,74.6,Strong,0.8166,Daily List,1,0,won,✓,1,1,0.746,Lions,35-19,,,published before the start,,
2026-10-03,2026-10-03T19:00Z,2026-10-03T10:31:29Z,Rugby,Top 14,Castres Olympique,Stade Toulousain,Stade Toulousain,away,0.7232,72.3,Strong,0.8166,Daily List,1,0,won,✓,1,1,0.7232,Stade Toulousain,7-8,,,published before the start,,
2026-10-03,,2026-10-03T00:29:28Z,Tennis,ATP · Kinoshita Group Japan Open Tennis Championships · Round 2,Matteo Arnaldi,Carlos Alcaraz,Carlos Alcaraz,B,0.8854,88.5,Strong,0.9194,Daily List,1,0,won,✓,1,1,0.8854,Carlos Alcaraz,,,,published before the start,,(1) Carlos Alcaraz (ESP) bt Matteo Arnaldi (ITA) 7-6 (8-6) 6-1
2026-10-03,,2026-10-03T00:29:28Z,Tennis,WTA · China Open · Round 2,Anastasia Zakharova,Belinda Bencic,Belinda Bencic,B,0.8376,83.8,Strong,0.8696,Daily List,1,0,won,✓,1,1,0.8376,Belinda Bencic,,,,published before the start,,(9) Belinda Bencic (SUI) bt Anastasia Zakharova (RUS) 6-1 7-6 (7-3)
2026-10-03,,2026-10-02T23:54:37Z,Tennis,ATP · China Open · Round 2,Jan Lennard Struff,Daniil Medvedev,Daniil Medvedev,B,0.803,80.3,Strong,0.8559,Daily List,1,0,won,✓,1,1,0.803,Daniil Medvedev,,,,published before the start,,(3) Daniil Medvedev (RUS) bt Jan-Lennard Struff (GER) 6-4 6-3
2026-10-03,,2026-10-03T00:29:28Z,Tennis,WTA · China Open · Round 2,Camila Osorio,Coco Gauff,Coco Gauff,B,0.8019,80.2,Strong,0.8696,Daily List,1,0,won,✓,1,1,0.8019,Coco Gauff,,,,published before the start,,(3) Coco Gauff (USA) bt Camila Osorio (COL) 7-6 (7-4) 4-6 6-2
2026-10-04,2026-10-04T00:00:00Z,2026-10-03T10:30:05Z,Football,International friendly,Argentina,Burkina Faso,Argentina,home,0.9264,92.6,Strong,,Daily List,1,0,won,✓,1,1,0.9264,Argentina,7-0,3-0,0,verified,,
2026-10-04,2026-10-04T23:00:00Z,2026-10-04T22:26:55Z,Football,CONCACAF Nations League,Aruba,Anguilla,Aruba,home,0.8588,85.9,Strong,,Daily List,1,0,won,✓,1,1,0.8588,Aruba,3-2,3-0,0,verified,,
2026-10-04,2026-10-04T22:00:00Z,2026-10-04T13:27:47Z,Football,CONCACAF Nations League,Puerto Rico,Cayman Islands,Puerto Rico,home,0.8338,83.4,Strong,,Daily List,1,0,won,✓,1,1,0.8338,Puerto Rico,1-0,3-0,0,verified,,
2026-10-04,2026-10-04T13:00:00Z,2026-10-04T11:09:11Z,Football,Division 2 - Södra Götaland,IFK Trelleborg,Räppe,IFK Trelleborg,home,0.7997,80.0,Strong,,Daily List,1,0,won,✓,1,1,0.7997,IFK Trelleborg,2-0,2-0,0,verified,,
2026-10-04,2026-10-04T12:00:00Z,2026-10-04T11:09:11Z,Football,Division 2 - Södra Götaland,Karlskrona,Linero,Karlskrona,home,0.7615,76.1,Strong,,Daily List,1,0,won,✓,1,1,0.7615,Karlskrona,2-1,2-0,0,verified,,
2026-10-04,2026-10-04T19:00:00Z,2026-10-04T13:27:47Z,Football,CONCACAF Nations League,Guyana,Dominica,Guyana,home,0.7533,75.3,Strong,,Daily List,1,0,won,✓,1,1,0.7533,Guyana,8-1,2-0,0,verified,,
2026-10-04,2026-10-04T20:25Z,2026-10-04T13:29:23Z,NFL,NFL,Seattle Seahawks,Los Angeles Chargers,Seattle Seahawks,home,0.8392,83.9,Strong,0.8065,Daily List,1,0,won,✓,1,1,0.8392,Seattle Seahawks,30-23,,,published before the start,,
2026-10-04,2026-10-04T17:00Z,2026-10-04T13:29:23Z,NFL,NFL,Baltimore Ravens,Tennessee Titans,Baltimore Ravens,home,0.8369,83.7,Strong,0.8065,Daily List,1,0,won,✓,1,1,0.8369,Baltimore Ravens,24-18,,,published before the start,,
2026-10-04,2026-10-04T20:05Z,2026-10-04T13:29:23Z,NFL,NFL,Minnesota Vikings,Miami Dolphins,Minnesota Vikings,home,0.824,82.4,Strong,0.8065,Daily List,1,0,won,✓,1,1,0.824,Minnesota Vikings,15-10,,,published before the start,,
2026-10-04,2026-10-04T17:00Z,2026-10-04T13:29:23Z,NFL,NFL,Chicago Bears,New York Jets,Chicago Bears,home,0.8018,80.2,Strong,0.8065,Daily List,1,0,won,✓,1,1,0.8018,Chicago Bears,23-12,,,published before the start,,
2026-10-04,2026-10-04T19:05Z,2026-10-04T13:29:23Z,Rugby,Top 14,Montpellier Herault,Toulon,Montpellier Herault,home,0.8017,80.2,Strong,0.9007,Daily List,1,0,won,✓,1,1,0.8017,Montpellier Herault,28-0,,,published before the start,,
2026-10-04,2026-10-04T14:00Z,2026-10-04T13:29:23Z,Rugby,Premiership,Saracens,Sale Sharks,Saracens,home,0.7838,78.4,Strong,0.8405,Daily List,1,0,lost,✗,0,0,0.7838,Sale Sharks,17-21,,,published before the start,,
2026-10-04,,2026-10-03T10:31:24Z,Tennis,WTA · China Open · Round 3,Aryna Sabalenka,Nikola Bartunkova,Aryna Sabalenka,A,0.887,88.7,Strong,0.9032,Daily List,1,0,lost,✗,0,0,0.887,Nikola Bartunkova,,,,published before the start,,(26) Nikola Bartunkova (CZE) bt (2) Aryna Sabalenka (BLR) 6-4 6-3
2026-10-04,,2026-10-03T10:31:24Z,Tennis,ATP · Kinoshita Group Japan Open Tennis Championships · Quarterfinal,Denis Shapovalov,Carlos Alcaraz,Carlos Alcaraz,B,0.878,87.8,Strong,0.9194,Daily List,1,0,won,✓,1,1,0.878,Carlos Alcaraz,,,,published before the start,retired,(1) Carlos Alcaraz (ESP) bt Denis Shapovalov (CAN) 7-6 (7-3) 2-1 ret
2026-10-04,,2026-10-03T10:31:24Z,Tennis,WTA · China Open · Round 3,Mirra Andreeva,Polina Kudermetova,Mirra Andreeva,A,0.8561,85.6,Strong,0.9032,Daily List,1,0,won,✓,1,1,0.8561,Mirra Andreeva,,,,published before the start,,(4) Mirra Andreeva (RUS) bt Polina Kudermetova (UZB) 6-4 6-1
2026-10-05,,2026-10-05T04:23:24Z,Tennis,ATP · Kinoshita Group Japan Open Tennis Championships · Semifinal,Jaume Munar,Carlos Alcaraz,Carlos Alcaraz,B,0.8888,88.9,Strong,0.9194,Daily List,1,0,won,✓,1,1,0.8888,Carlos Alcaraz,,,,published before the start,,(1) Carlos Alcaraz (ESP) bt Jaume Munar (ESP) 5-7 6-3 6-1
2026-10-05,,2026-10-04T22:28:00Z,Tennis,WTA · China Open · Round 3,Iga Swiatek,Donna Vekic,Iga Swiatek,A,0.8451,84.5,Strong,0.8696,Daily List,1,0,won,✓,1,1,0.8451,Iga Swiatek,,,,published before the start,,(8) Iga Swiatek (POL) bt (30) Donna Vekic (CRO) 4-6 7-6 (7-0) 6-2
2026-10-06,2026-10-06T18:45:00Z,2026-10-06T15:50:44Z,Football,UEFA Nations League,Albania,San Marino,Albania,home,0.9783,97.8,Strong,,Daily List,1,0,won,✓,1,1,0.9783,Albania,2-1,4-0,0,verified,,
2026-10-06,2026-10-06T23:00:00Z,2026-10-06T22:00:37Z,Football,International friendly,Argentina,Benin,Argentina,home,0.9697,97.0,Strong,,Daily List,1,0,won,✓,1,1,0.9697,Argentina,3-0,4-0,0,verified,,
2026-10-06,2026-10-06T17:00:00Z,2026-10-06T15:50:44Z,Football,International friendly,Algeria,Niger,Algeria,home,0.8938,89.4,Strong,,Daily List,1,0,won,✓,1,1,0.8938,Algeria,2-1,3-0,0,verified,,
2026-10-06,2026-10-06T18:45:00Z,2026-10-06T15:50:44Z,Football,UEFA Nations League,Switzerland,North Macedonia,Switzerland,home,0.8544,85.4,Strong,,Daily List,1,0,won,✓,1,1,0.8544,Switzerland,3-0,2-0,0,verified,,
2026-10-06,2026-10-06T20:00:00Z,2026-10-06T15:50:44Z,Football,CONCACAF Nations League,Montserrat,Turks and Caicos Islands,Montserrat,home,0.8383,83.8,Strong,,Daily List,1,0,won,✓,1,1,0.8383,Montserrat,4-1,3-0,0,verified,,
2026-10-06,,2026-10-05T15:16:32Z,Tennis,ATP · Kinoshita Group Japan Open Tennis Championships · Final,Jiri Lehecka,Carlos Alcaraz,Carlos Alcaraz,B,0.8064,80.6,Strong,0.8559,Daily List,1,0,won,✓,1,1,0.8064,Carlos Alcaraz,,,,published before the start,,(1) Carlos Alcaraz (ESP) bt Jiri Lehecka (CZE) 7-6 (7-4) 6-4
2026-10-07,2026-10-07T00:00Z,2026-10-06T22:01:06Z,College football,NCAA FBS,Troy Trojans,Southern Miss Golden Eagles,Troy Trojans,home,0.7314,73.1,Strong,0.842,Daily List,1,0,won,✓,1,1,0.7314,Troy Trojans,55-34,,,published before the start,,
2026-10-07,2026-10-07T13:00:00Z,2026-10-06T13:35:38Z,Football,Premier League,Lijabatho,Manonyane,Lijabatho,home,0.8059,80.6,Strong,,Daily List,1,0,won,✓,1,1,0.8059,Lijabatho,1-0,2-0,0,verified,,
2026-10-07,2026-10-07T14:00:00Z,2026-10-06T13:35:38Z,Football,Super League,Neftchi,Xorazm,Neftchi,home,0.7867,78.7,Strong,,Daily List,1,0,lost,✗,0,0,0.7867,Draw,2-2,2-0,0,verified,,
2026-10-07,2026-10-07T23:00:00Z,2026-10-07T22:38:28Z,Football,Canadian Premier League,Forge,Pacific,Forge,home,0.7571,75.7,Strong,,Daily List,1,0,won,✓,1,1,0.7571,Forge,3-0,2-0,0,verified,,
2026-10-08,2026-10-08T00:04Z,2026-10-07T23:42:27Z,College football,NCAA FBS,Florida International Panthers,New Mexico State Aggies,Florida International Panthers,home,0.7063,70.6,Strong,0.842,Daily List,1,0,won,✓,1,1,0.7063,Florida International Panthers,22-3,,,published before the start,,
