group,sport,picks,won,lost,void,hit_rate,mean_quoted,hit_minus_quoted
All,All sports,2439,1613,824,2,0.6619,0.6617,0.0001
All,Baseball,23,14,9,0,0.6087,0.55,0.0587
All,College football,3,3,0,0,1.0,0.676,0.324
All,Football,1973,1334,639,0,0.6761,0.6737,0.0024
All,NFL,18,11,7,0,0.6111,0.6263,-0.0152
All,Rugby,20,13,6,1,0.6842,0.6789,0.0053
All,Tennis,400,236,163,1,0.5915,0.6095,-0.018
All,WNBA,2,2,0,0,1.0,0.7004,0.2996
Daily List,All sports,80,68,11,1,0.8608,0.8186,0.0422
Daily List,College football,2,2,0,0,1.0,0.7188,0.2812
Daily List,Football,45,36,9,0,0.8,0.8198,-0.0198
Daily List,NFL,4,4,0,0,1.0,0.8255,0.1745
Daily List,Rugby,10,8,1,1,0.8889,0.7969,0.092
Daily List,Tennis,19,18,1,0,0.9474,0.8352,0.1122
Reserve,All sports,126,80,46,0,0.6349,0.6944,-0.0594
Reserve,Football,58,36,22,0,0.6207,0.6885,-0.0678
Reserve,NFL,2,0,2,0,0.0,0.6743,-0.6743
Reserve,Rugby,4,3,1,0,0.75,0.6394,0.1106
Reserve,Tennis,60,39,21,0,0.65,0.7041,-0.0541
Reserve,WNBA,2,2,0,0,1.0,0.7004,0.2996
Board,All sports,2233,1465,767,1,0.6564,0.6543,0.002
Board,Baseball,23,14,9,0,0.6087,0.55,0.0587
Board,College football,1,1,0,0,1.0,0.5902,0.4098
Board,Football,1870,1262,608,0,0.6749,0.6697,0.0051
Board,NFL,12,7,5,0,0.5833,0.552,0.0314
Board,Rugby,6,2,4,0,0.3333,0.5283,-0.1949
Board,Tennis,321,179,141,1,0.5594,0.5783,-0.0189
